{
  "class_name": "ViewTrajectory",
  "interval": 29,
  "is_loop": false,
  "trajectory": [
    {
      "boundingbox_max": [
        53.377681732177734,
        53.994926452636719,
        2.996457576751709
      ],
      "boundingbox_min": [
        -53.872653961181641,
        -52.033206939697266,
        -4.3080739974975586
      ],
      "field_of_view": 60.0,
      "front": [
        0.31888720287848371,
        -0.72945531339041236,
        0.6051494836871566
      ],
      "lookat": [
        1.498632028298051,
        1.9991932417940517,
        -5.3427081613538183
      ],
      "up": [
        -0.017500974244012341,
        0.63384231026433902,
        0.77326427669928999
      ],
      "zoom": 0.21999999999999958
    }
  ],
  "version_major": 1,
  "version_minor": 0
}