{
  "class_name": "ViewTrajectory",
  "interval": 29,
  "is_loop": false,
  "trajectory": [
    {
      "boundingbox_max": [
        53.577682495117188,
        54.228118896484375,
        5.4353194236755371
      ],
      "boundingbox_min": [
        -54.619411468505859,
        -52.233207702636719,
        -4.451012134552002
      ],
      "field_of_view": 60.0,
      "front": [
        0.019991106299837663,
        -0.68516054829292328,
        0.72811769565905315
      ],
      "lookat": [
        0.87327928451802539,
        2.9521451015010425,
        0.66425102821584125
      ],
      "up": [
        0.016282657307575988,
        0.7283897626011393,
        0.68496950940086387
      ],
      "zoom": 0.40000000000000002
    }
  ],
  "version_major": 1,
  "version_minor": 0
}