{
  "class_name": "ViewTrajectory",
  "interval": 29,
  "is_loop": false,
  "trajectory": [
    {
      "boundingbox_max": [
        53.377681732177734,
        54.165512084960938,
        4.1922206878662109
      ],
      "boundingbox_min": [
        -54.725185394287109,
        -52.033206939697266,
        -4.3080739974975586
      ],
      "field_of_view": 60.0,
      "front": [
        0.025108506476634779,
        -0.56206476785211124,
        0.8267120173566278
      ],
      "lookat": [
        1.5899741522181399,
        4.2570619399321821,
        1.1817619248494213
      ],
      "up": [
        0.014860928327451707,
        0.82709121438455047,
        0.56187122714829929
      ],
      "zoom": 0.31999999999999962
    }
  ],
  "version_major": 1,
  "version_minor": 0
}