{
  "class_name": "ViewTrajectory",
  "interval": 29,
  "is_loop": false,
  "trajectory": [
    {
      "boundingbox_max": [
        53.377681732177734,
        53.994926452636719,
        2.996457576751709
      ],
      "boundingbox_min": [
        -53.872653961181641,
        -52.033206939697266,
        -4.3080739974975586
      ],
      "field_of_view": 60.0,
      "front": [
        0.39516014840941777,
        -0.73711299798220842,
        0.54819055565991615
      ],
      "lookat": [
        -3.9529309320560464,
        0.81364385297370501,
        -1.4509133665357505
      ],
      "up": [
        -0.12992880565018855,
        0.54591158958199382,
        0.82770709905278472
      ],
      "zoom": 0.040000000000000001
    }
  ],
  "version_major": 1,
  "version_minor": 0
}