{
	"class_name": "ViewTrajectory",
	"interval": 29,
	"is_loop": false,
	"trajectory": [
		{
			"boundingbox_max": [
				53.377681732177734,
				53.994926452636719,
				2.996457576751709
			],
			"boundingbox_min": [
				-53.872653961181641,
				-52.033206939697266,
				-4.3080739974975586
			],
			"field_of_view": 60.0,
			"front": [
				0.70620791684191131,
				-0.61396320001867466,
				0.35258980021072217
			],
			"lookat": [
				-3.9529309320560464,
				0.81364385297370501,
				-1.4509133665357505
			],
			"up": [
				-0.15788568844188414,
				0.34889741147052439,
				0.92376550360705711
			],
			"zoom": 0.040000000000000001
		}
	],
	"version_major": 1,
	"version_minor": 0
}


