{
  "class_name": "ViewTrajectory",
  "interval": 29,
  "is_loop": false,
  "trajectory": [
    {
      "boundingbox_max": [
        53.577682495117188,
        54.181438446044922,
        3.1811225414276123
      ],
      "boundingbox_min": [
        -53.872653961181641,
        -52.233207702636719,
        -4.451012134552002
      ],
      "field_of_view": 60.0,
      "front": [
        0.0,
        0.0,
        1.0
      ],
      "lookat": [
        -0.14748573303222656,
        0.97411537170410156,
        -0.63494479656219482
      ],
      "up": [
        0.0,
        1.0,
        0.0
      ],
      "zoom": 0.39999999999999969
    }
  ],
  "version_major": 1,
  "version_minor": 0
}